id,name,title
1,Susan Houston,Director of Older Adult Services
2,Christina Gonzalez,Center Director
3,Brenda Brown,"Director, Second Career Services"
4,"Howard Lader, LCSW","Manager, Senior Peer Counseling"
5,Kimberly Pesavento,Director of Visitation
6,Joe Bloom,Financial Empowerment Programs Program Director
7,Peter Olson,Little House Director
8,Bart Charlow,"Executive Director, Peninsula Volunteers"
9,Bart Charlow,"Executive Director, Peninsula Volunteers"
10,"Howard Lader, LCSW","Manager, Senior Peer Counseling"
11,Marilyn Baker-Venturini,Director
12,Graciela Hernandez,Assistant Manager
13,Julie Avelino,Assessment Specialist
14,Peter Olson,Little House Director